Home_Team,City,Country,Stadium,Capacity,Pitch
Wattenscheid 09,Bochum-Wattenscheid,Germany,Lohrheidestadion,16233,Natural
Hertha BSC,Berlín,Germany,Olympiastadion Berlin,76065,Natural
Unterhaching,Unterhaching,Germany,Sportpark Unterhaching,15053,Natural
Fortuna Köln,Cologne,Germany,Südstadion,14944,Natural
MSV Duisburg,Duisburgo,Germany,Schauinsland-Reisen-Arena,31514,Natural
Saarbrücken,Saarbrücken,Germany,Stadion Ludwigspark,35286,Natural
Braunschweig,Braunschweig,Germany,Eintracht-Stadion,23325,Natural
Hessen Kassel,Hessen,Germany,Auestadion,18737,Natural
VfL Osnabrück,Osnabrück,Germany,osnatel-ARENA,16130,Natural
Meppen,Meppen,Germany,MEP-Arena,16500,Natural
Blau-Weiß 1890 B.,Berlin,Germany,Sportplatz an der Rathausstraße,3000,Natural
Schalke 04,Gelsenkirchen,Germany,VELTINS-Arena,62271,Natural
RW Essen,Essen,Germany,Stadion Essen,20650,Natural
SC Freiburg,Freiburg,Germany,Schwarzwald-Stadion,24000,Natural
Alemannia Aachen,Aachen,Germany,Neuer Tivoli,32960,Natural
Darmstadt 98,Darmstadt,Germany,Merck-Stadion am Böllenfalltor,17000,Natural
Hannover 96,Hannover,Germany,HDI-Arena,49000,Natural
Stuttgarter,Stuttgart,Germany,GAZİ-Stadion auf der Waldau,11436,Natural
Preußen Münster,Münster,Germany,Preußen-Stadion,18050,Natural
Bayreuth SpVgg,Bayreuth,Germany,Hans-Walter-Wild-Stadion,21500,Natural
Waldhof Mannheim,Mannheim,Germany,Carl-Benz-Stadion,25667,Natural
FC 08 Homburg,Homburg,Germany,Waldstadion Homburg,16488,Natural
Mainz 05,Mainz,Germany,Opel Arena,34034,Natural
VfB Oldenburg,Oldenburg,Germany,Marschwegstadion,15552,Natural
Havelse,Havelse,Germany,Wilhelm-Langrehr-Stadion,6000,Natural
Schweinfurt,Schweinfurt,Germany,Sachs Stadion,15060,Natural
Hallescher FC,Halle,Germany,ERDGAS Sportpark,15057,Natural
Carl Zeiss Jena,Jena,Germany,Ernst-Abbe-Sportfeld,16000,Natural
Chemnitzer,Chemnitz,Germany,,16061,Natural
Rot-Weiss Erfurt,Erfurt,Germany,Steigerwaldstadion,19439,Natural
1860 München,München,Germany,Grünwalder Stadion,75000,Natural
Lokomotive Leipzig,Leipzig,Germany,Bruno-Plache-Stadion,10900,Natural
Wolfsburg,Wolfsburg,Germany,Volkswagen-Arena,30000,Natural
Wuppertaler SV,Wuppertal,Germany,Stadion am Zoo,23067,Natural
Hansa Rostock,Rostock,Germany,DKB Arena,29000,Natural
FC St. Pauli,Hamburg,Germany,Millerntor-Stadion,29546,Natural
Fortuna,Düsseldorf,Germany,ESPRIT arena,54500,Natural
FC Remscheid,Remscheid,Germany,,12463,Natural
VfL Bochum,Bochum,Germany,rewirpowerSTADION,30748,Natural
Tennis Borussia,Berlín,Germany,Mommsenstadion,11500,Natural
KFC Uerdingen 05,Uerdingen,Germany,,34500,Natural
FSV Frankfurt,Frankfurt am Main,Germany,Frankfurter Volksbank Stadion,10826,Natural
Zwickau,Zwickau,Germany,,10134,Natural
Nürnberg,Nürnberg,Germany,Grundig-Stadion,50000,Natural
Arminia Bielefeld,Bielefeld,Germany,SchücoArena,27300,Natural
VfB Lübeck,Lübeck,Germany,,17849,Natural
Eintracht,Frankfurt am Main,Germany,Commerzbank-Arena,52300,Natural
Gutersloh,Gutersloh,Germany,,8400,Natural
Kaiserslautern,Kaiserslautern,Germany,Fritz-Walter-Stadion,49780,Natural
Greuther Fürth,Fürth,Germany,Sportpark Ronhof Thomas Sommer,18000,Natural
Energie Cottbus,Cottbus,Germany,"Stadion der Freundschaft, Cottbus",22528,Natural
Ulm,Ulm,Germany,,19500,Natural
Köln,Köln,Germany,RheinEnergieStadion,49968,Natural
Rot-Weiß,Essen,Germany,Stadion Niederrhein,21318,Natural
Karlsruher SC,Karlsruhe,Germany,Wildparkstadion,29699,Natural
Kickers Offenbach,Offenbach,Germany,Bieberer Berg Stadion,25200,Natural
Mönchengladbach,Mönchengladbach,Germany,Borussia-Park,54057,Natural
Reutlingen,Reutlingen,Germany,,15228,Natural
Rot Weiss Ahlen,Ahlen,Germany,Wersestadion,11498,Natural
SV Babelsberg 03,Potsdam,Germany,Karl-Liebknecht-Stadion,10787,Natural
Union Berlin,Berlin,Germany,Stadion An der Alten Försterei,22012,Natural
Eintracht Trier,Tréveris,Germany,,10256,Natural
Wacker Burghausen,Burghausen,Germany,Wacker-Arena,10200,Natural
Jahn Regensburg,Ratisbona,Germany,Städtisches Jahnstadion,12500,Natural
Erzgebirge Aue,Aue,Germany,Sparkassen-Erzgebirgsstadion,15690,Natural
Dynamo Dresden,Dresden,Germany,DDV-Stadion,32066,Natural
Siegen,Siegen,Germany,,18500,Natural
Paderborn,Paderborn,Germany,Benteler-Arena,15306,Natural
TuS Koblenz,Koblenz,Germany,Stadion Oberwerth,16527,Natural
FC Augsburg,Augsburg,Germany,WWK Arena,30662,Natural
Wehen Burghausen,Burghausen,Germany,,10000,Natural
Hoffenheim,Sinsheim,Germany,WIRSOL Rhein-Neckar-Arena,21000,Natural
Ingolstadt 04,Ingolstadt,Germany,Audi-Sportpark,15729,Natural
VfR Aalen,Aalen,Germany,Scholz Arena,11183,Natural
Sandhausen,Sandhausen,Germany,Hardtwaldstadion,12136,Natural
Heidenheim,Heidenheim an der Brenz,Germany,Voith-Arena,15000,Natural
RB Leipzig,Leipzig,Germany,Red Bull Arena,44345,Natural
Stuttgart,Stuttgart,Germany,Mercedes-Benz-Arena,60469,Natural
Würzburger,Würzburg,Germany,flyeralarm-Arena,14500,Natural
Holstein Kiel,Kiel,Germany,Holstein-Stadion,11522,Natural
Magdeburg,Magdeburg,Germany,,25910,Natural
Hamburger SV,Hamburg,Germany,Volksparkstadion,57030,Natural
Wehen Wiesbaden,Wiesbaden,Germany,BRITA-Arena,13144,Natural
Bayern München,München,Germany,Allianz Arena,75000,Natural
B. Leverkusen,Leverkusen,Germany,BayArena,30210,Natural
Werder Bremen,Bremen,Germany,Weserstadion,42358,Natural
B. Dortmund,Dortmund,Germany,Signal Iduna Park,81359,Natural
West Ham,London,England,London Stadium,80000,Natural
Blackburn Rovers,Blackburn,England,Ewood Park,31367,Natural
Sheffield United,Sheffield,England,Bramall Lane,32702,Natural
Ipswich Town,Ipswich,England,Portman Road Stadium,30311,Natural
Sunderland,Sunderland,England,Stadium of Light,49000,Natural
Watford,Watford,England,Vicarage Road Stadium,19920,Natural
Newcastle,Newcastle upon Tyne,England,St. James' Park,52389,Natural
Port Vale,Stoke-on-Trent,England,Vale Park,19052,Natural
AFC Bournemouth,Bournemouth,England,Vitality Stadium,12000,Natural
Leeds United,Leeds,England,Elland Road,40204,Natural
Plymouth Argyle,Plymouth,England,Home Park,19500,Natural
Middlesbrough,Middlesbrough,England,Riverside Stadium,34988,Natural
Brighton Hove Alb.,Brighton,England,The American Express Community Stadium,30750,Natural
Barnsley,Barnsley,England,Oakwell Stadium,23009,Natural
Stoke City,Stoke-on-Trent,England,bet365 Stadium,28383,Natural
Oldham Athletic,Oldham,England,Boundary Park,13512,Natural
Leicester,Leicester,England,King Power Stadium,32500,Natural
Bradford City,Bradford,England,Coral Windows Stadium,25136,Natural
Hull City,Kingston upon Hull,England,Kingston Communications Stadium,25504,Natural
Portsmouth,Portsmouth,England,Fratton Park,20821,Natural
Wolves,Wolverhampton,England,Molineux Stadium,29195,Natural
Swindon Town,Swindon,England,County Ground,15728,Natural
Oxford United,Oxford,England,The Kassam Stadium,12500,Natural
West Bromwich Alb.,West Bromwich,England,The Hawthorns,28003,Natural
Bristol City,Bristol,England,Ashton Gate Stadium,21497,Natural
Sheffield,Sheffield,England,Hillsborough Stadium,39814,Natural
Notts County,Nottingham,England,Meadow Lane Stadium,19588,Natural
Millwall,London,England,The Den,20146,Natural
Bristol Rovers,Bristol,England,Memorial Stadium,11916,Natural
Charlton Athletic,London,England,The Valley,27111,Natural
Cambridge United,Cambridge,England,The R Costings Abbey Stadium,10847,Natural
Tranmere Rovers,Wirral,England,Prenton Park,16587,Natural
Derby County,Derby,England,iPro Stadium,33597,Natural
Grimsby Town,Grimsby,England,Blundell Park,9546,Natural
Southend United,Southend-on-Sea,England,Roots Hall Stadium,12392,Natural
Birmingham City,Birmingham,England,St. Andrew's Stadium,30009,Natural
Peterborough,Peterborough,England,London Road Stadium,15142,Natural
Brentford,Brentford,England,Griffin Park,12763,Natural
Luton Town,Luton,England,Kenilworth Road Stadium,10356,Natural
Crystal Palace,London,England,Selhurst Park,26309,Natural
Nottingham Forest,Nottingham,England,The City Ground,30576,Natural
Bolton Wanderers,Bolton,England,Reebok Stadium,28723,Natural
Oxford City,Oxford,England,Court Place Farm,2000,Natural
Reading,Reading,England,Madejski Stadium,24200,Natural
Burnley,Burnley,England,Turf Moor,22546,Natural
Norwich City,Norwich,England,Carrow Road,27033,Natural
Huddersfield Town,Huddersfield,England,The John Smith's Stadium,24554,Natural
Queens Park Range.,London,England,Loftus Road,19100,Natural
Man. City,Mánchester,England,Etihad Stadium,55097,Natural
Crewe Alexandra,Crewe,England,Alexandra Stadium,10153,Natural
Bury,Greater Manchester,England,,12500,Natural
Stockport County,Cheshire,England,Edgeley Park,10852,Natural
Fulham,London,England,Craven Cottage,25700,Natural
Walsall,Walsall,England,The Banks's Stadium,11300,Natural
Preston North End,Preston,England,Deepdale Stadium,23408,Natural
Wimbledon FC,London,England,,15876,Natural
Gillingham,Gillingham,England,KRBS Priestfield Stadium,11582,Natural
Coventry City,Coventry,England,City of Coventry Stadium,32609,Natural
Rotherham United,Rotherham,England,New York Stadium,12021,Natural
Cardiff City,Cardiff,England,Cardiff City Stadium,28016,Natural
Wigan Athletic,Wigan,England,The DW Stadium,25138,Natural
Swansea City,Swansea,England,Liberty Stadium,20769,Natural
Wycombe Wanderers,Wycombe,England,Adams Park,10000,Natural
MVV Maastricht,Maastricht,Netherlands,Stadion De Geusselt,10000,Natural
FC Eindhoven,Eindhoven,Netherlands,Jan Louwers Stadion,5400,Natural
Emmen,Emmen,Netherlands,Univé Stadion,8600,Natural
Go Ahead Eagles,Deventer,Netherlands,De Adelaarshorst,10000,Natural
TOP Oss,Oss,Netherlands,Frans Heesen Stadion,4700,Natural
Dordrecht,Dordrecht,Netherlands,GN Bouw Stadion,4088,Artificial
BV Veendam ,Veendam,Netherlands,,6500,Natural
Heracles,Almelo,Netherlands,Polman Stadion,8500,Artificial
ADO Den Haag,La Haya,Netherlands,Kyocera Stadion,15000,Natural
Cambuur,Leeuwarden,Netherlands,Cambuurstadion,10000,Natural
VVV Venlo,Venlo,Netherlands,Seacon Stadion De Koel,8000,Natural
SC Telstar,Velsen,Netherlands,TATA Steel Stadion,3625,Natural
Helmond Sport,Helmond,Netherlands,Lavans Stadion,4142,Natural
HFC Haarlem ,Haarlem,Netherlands,,3442,Natural
Den Bosch,Hertogenbosch,Netherlands,BrainWash Stadion De Vliert,9000,Natural
RBC Roosendaal,Roosendaal,Netherlands,,4664,Natural
PEC Zwolle,Zwolle,Netherlands,IJsseldelta Stadion,12500,Artificial
Excelsior,Rótterdam,Netherlands,Stadion Woudestein,3541,Artificial
AZ Alkmaar,Alkmaar,Netherlands,AFAS Stadion,17023,Natural
Groningen,Groninga,Netherlands,Euroborg,22579,Natural
FC Volendam,Volendam,Netherlands,Kras Stadion,6984,Natural
NAC Breda,Breda,Netherlands,Rat Verlegh Stadion,19000,Natural
Fortuna Sittard,Sittard,Netherlands,Offermans Joosten stadion,12500,Natural
Sparta Rotterdam,Rótterdam,Netherlands,Sparta-Stadion Het Kasteel,11026,Natural
AGOVV Apeldoorn,Apeldoorn,Netherlands,,3259,Natural
De Graafschap,Doetinchem,Netherlands,Stadion De Vijverberg,12600,Natural
FC Omniworld,Almere,Netherlands,,4501,Natural
RKC Waalwijk,Waalwijk,Netherlands,Mandemakers Stadion,7508,Natural
Almere City,Almere,Netherlands,Mitsubishi Forklift-Stadion,2500,Artificial
Willem II,Tilburgo,Netherlands,Koning Willem II Stadion,14637,Natural
Jong Twente,Enschede,Netherlands,,30205,Natural
Jong Ajax,Amsterdam,Netherlands,Sportpark De Toekomst,5000,Natural
Achilles 29,Groesbeek,Netherlands,Sportpark De Heikant,4500,Natural
Jong PSV,Eindhoven,Netherlands,Sportcomplex De Herdgang,2500,Natural
Jong AZ,Alkmaar,Netherlands,,1000,Natural
Roda JC,Kerkrade,Netherlands,Parkstad Limburg Stadion,19979,Natural
NEC Nijmegen,Nijmegen,Netherlands,Goffertstadion,12500,Natural
Jong Utrecht,Utrecht,Netherlands,,450,Natural
Ajax,Ámsterdam,Netherlands,Johan Cruyff Arena,53052,Natural
Utrecht,Utrecht,Netherlands,Stadion Galgenwaard,24426,Natural
Twente 1965,Enschede,Netherlands,De Grolsch Veste,30014,Natural
PSV,Eindhoven,Netherlands,Philips Stadion,35119,Natural
Vitesse,Arnhem,Netherlands,GelreDome,28278,Natural
Feyenoord,Rótterdam,Netherlands,Stadion Feijenoord,51777,Natural
SVV,Schiedam,Netherlands,Stadion Harga,4000,Natural
Heerenveen,Heerenveen,Netherlands,Abe Lenstra Stadion,26800,Natural
Olympique,Marseille,France,Stade Vélodrome,67394,Natural
Montpellier,Montpellier,France,Stade de la Mosson,32950,Natural
Toulouse,Toulouse,France,Stadium Municipal,35472,Natural
Sporting Toulon,Toulon,France,Stade de Bon-Rencontre,8000,Natural
Nantes,Nantes,France,Stade de la Beaujoire - Louis Fonteneau,38285,Natural
Lille,Lille,France,Stade Pierre-Mauroy,49834,Natural
Sochaux,Sochaux,France,Stade Auguste-Bonal,20005,Natural
PSG,Paris,France,Parc des Princes,49691,Natural
Nice,Nice,France,Allianz Riviera,35624,Natural
Girondins Bordeaux,Bordeaux,France,Stade Matmut-Atlantique,42115,Natural
Metz,Metz,France,Stade Saint-Symphorien,26661,Natural
Monaco,Principado de Mónaco,France,Louis II,18521,Natural
Racing Paris,París,France,,14000,Natural
Auxerre,Auxerre,France,Stade de l'Abbé Deschamps,23467,Natural
Caen,Caen,France,Stade Michel d'Ornano,21215,Natural
Stade Brestois,26 route de Quimper29200 Brest,France,Stade Francis-Le Blé,15931,Natural
Saint-Étienne,Saint-Étienne,France,Stade Geoffroy-Guichard,42000,Natural
Cannes,Cannes,France,Stade Pierre de Coubertin,12800,Natural
Olympique Lyonnais,Lyon,France,Parc Olympique Lyonnais,59168,Natural
FC Mulhouse,Mulhouse,France,Stade de l'Ill,11303,Natural
Stade Rennais,Rennes,France,Roazhon Park,31127,Natural
Nancy,Tomblaine,France,Stade Marcel Picot,20087,Artificial
Le Havre,Havre,France,Stade Océane,25178,Natural
Nîmes,Nimes,France,Stade des Costières,18482,Natural
Lens,Lens,France,Stade Bollaert-Delelis,38223,Natural
Strasbourg,Strasbourg,France,Stade de la Meinau,29230,Natural
Valenciennes,Valenciennes,France,Stade du Hainaut,24926,Natural
FC Martigues,Martigues,France,Stade Francis Turcan,11500,Natural
Angers SCO,Angers,France,Stade Raymond-Kopa,17835,Artificial
Bastia,Bastia,France,Stade Armand Césari,16078,Natural
Guingamp,Guingamp,France,Stade du Roudourou,18363,Natural
FC Gueugnon,Gueugnon,France,Stade Jean Laville,13872,Natural
Chateauroux,Châteauroux,France,Stade Gaston Petit,17072,Artificial
Lorient,Lorient,France,Stade Yves Allainmat - Le Moustoir,18970,Artificial
Troyes,Troyes,France,Stade de l'Aube,20842,Natural
Sedan,Sedán,France,Louis-Dugauguez,24000,Natural
Ajaccio,Ajaccio,France,Stade François Coty,10660,Natural
Le Mans,Mulsanne,France,MMArena,25064,Natural
Istres,Istres,France,Stade Parsemain,17363,Natural
Grenoble,Grenoble,France,Des Alpes,20068,Natural
Boulogne,Boulogne-sur-Mer,France,Stade de la Libération,15242,Natural
Arles,Arles,France,,17500,Natural
Evian Thonon Gail.,Annecy,France,Parc des Sports,15660,Natural
Dijon FCO,Dijon,France,Stade Gaston Gérard,15995,Natural
Stade de Reims,Reims,France,Auguste-Delaune II,21628,Natural
Gazélec Ajaccio,Ajaccio,France,Stade Municipal Ange Casanova Stiletto,4229,Natural
Amiens SC,Amiens,France,Stade de la Licorne,12097,Natural
Charleville,Charleville-M�zi�res,France,,3000,Natural
Épinal,Épinal,France,Stade de La Colombière,7200,Natural
Stade Poitevin,Poitiers,France,Stade de la Pépinière,15750,Natural
Stade Lavallois,Laval,France,Stade Francis Le Basser,18467,Natural
Perpignan,Perpignan,France,,3400,Natural
Dunkerque,Dunkerque,France,Stade Marcel-Tribut,4200,Natural
Valence,Valence,France,,15128,Natural
Red Star,París,France,Stade Bauer,10000,Natural
Louhans Cuiseaux,Louhans,France,Parc des Sports du Bram,8400,Natural
Olympique Alès,Ales,France,Stade Pierre Pibarot,9000,Natural
Niort,Niort,France,Stade René Gaillard,10898,Natural
Stade Briochin,Saint-Brieuc,France,Stade Fred Aubert,13500,Natural
Beauvais Oise,Beauvais,France,Stade Pierre-Brisson,10000,Natural
ES Wasquehal,Wasquehal,France,Complexe Sportif Lucien Montagne,500,Natural
Creteil,rue vasco de gama,France,Stade Dominique Duvauchelle,12050,Natural
Clermont,Clermont-Ferrand,France,Stade Gabriel Montpied,10363,Natural
Besancon RC,Besançon,France,Stade Léo-Lagrange,15000,Natural
FC Rouen 1899,Rouen,France,,12018,Natural
Sète,Sète,France,Stade Louis-Michel,8700,Natural
Libourne Saint Se.,Libourne,France,,8000,Natural
Tours,Tours,France,Stade de la Vallée du Cher,11912,Natural
Vannes,Vannes,France,Stade de la Rabine,9143,Natural
CA Bastia,Furiani,France,,16048,Natural
Orléans,Orléans,France,Stade de la Source,5000,Natural
Paris FC,Paris,France,Stade Sébastien Charléty,20000,Natural
Bourg-Péronnas,Ain,France,Stade Muncipal de Péronnas,2541,Natural
Quevilly,Normandia,France,Stade Robert-Diochon,12018,Natural
Béziers,Béziers,France,Stade de Sauclières,12000,Natural
Rodez,Rodez,France,Stade Paul-Lignon,6000,Natural
Chambly,Chambly,France,Stade des Marais,1000,Natural
Pau FC,Pau,France,Stade du Hameau,13966,Natural
Man. Utd,Manchester,England,Old Trafford,76212,Natural
West Bromwich Albion,West Bromwich,England,The Hawthorns,26850,Natural
Liverpool,Liverpool,England,Anfield,54074,Natural
Tottenham Hotspur,London,England,Tottenham Hotspur Stadium,62062,Natural
Chelsea,London,England,Stamford Bridge,41841,Natural
Aston Villa,Birmingham,England,Villa Park,42788,Natural
Southampton,Southampton,England,St. Mary's Stadium,32689,Natural
Everton,Liverpool,England,Goodison Park,40569,Natural
Arsenal,London,England,Emirates Stadium,60355,Natural
Blackpool,Blackpool,England,Bloomfield Road,17625,Natural
Sporting Braga,Braga,Portugal,Estádio Municipal de Braga,30286,Natural
Benfica,Lisboa,Portugal,Estádio da Luz,65647,Natural
Porto,Oporto,Portugal,Estádio Do Dragão,50948,Natural
Sporting CP,Lisboa,Portugal,José Alvalade,50486,Natural
Chaves,Chaves,Portugal,Estádio Municipal Eng. Manuel Branco Teixeira,12000,Natural
Feirense,Santa Maria da Feira,Portugal,Estádio Marcolino de Castro,4667,Natural
Belenenses,Lisboa,Portugal,Estádio do Restelo,32500,Natural
Beira Mar SC,Aveiro,Portugal,Municipal de Aveiro,30000,Natural
Portimonense,Portimão,Portugal,Estádio do Portimonense SC,9544,Natural
Tirsense,Santo Tirso,Portugal,,12000,Natural
Boavista,Oporto,Portugal,Bessa Século XXI,30000,Natural
Marítimo,Funchal,Portugal,Estádio dos Barreiros,8992,Natural
Estrela Amadora,Amadora,Portugal,,9288,Natural
Vitória,Guimarães,Portugal,Estádio Dom Afonso Henriques,30165,Natural
Penafiel,Penafiel,Portugal,Estádio Municipal 25 de Abril,6500,Natural
União Madeira,Funchal,Portugal,Estádio Municipal de Machico,3300,Natural
Nacional,Madeira,Portugal,Estádio da Madeira,8589,Natural
Vitória Setúbal,Setúbal,Portugal,Estádio do Bonfim,18694,Natural
Farense,Faro,Portugal,Estádio de São Lúis,12000,Natural
Famalicão,Famalicão,Portugal,Estádio Municipal 22 de Junho,8000,Natural
SC Salgueiros,Porto,Portugal,,3500,Natural
Gil Vicente,Barcelos,Portugal,Estádio Cidade de Barcelos,12374,Natural
Paços Ferreira,Paços de Ferreira,Portugal,Estádio da Capital do Móvel,6452,Natural
Torreense,Torres Vedras,Portugal,,12000,Natural
Estoril,Estoril,Portugal,Estádio António Coimbra da Mota,8000,Natural
Espinho,Espinho,Portugal,,7500,Natural
União de Leiria,Leiria,Portugal,Magalhaes Pessoa,30000,Natural
FC Felgueiras,Felgueiras,Portugal,,7540,Natural
Leça FC,Leça,Portugal,,12000,Natural
Campomaiorense,Campo Maior,Portugal,,7500,Natural
Rio Ave,Vila do Conde,Portugal,Estádio do Rio Ave Futebol Clube,12815,Natural
Académica,Coimbra,Portugal,Estádio Cidade de Coimbra,30075,Natural
Varzim,Varzim,Portugal,,11000,Natural
Alverca,Alverca,Portugal,Complexo Desportivo do FC Alverca,15000,Natural
CD Santa Clara,Ponta Delgada,Portugal,Estádio de São Miguel,13277,Natural
Desportivo Aves,Vila das Aves,Portugal,Estádio Clube Desportivo das Aves,8560,Natural
Moreirense,Moreira de Cónegos,Portugal,Comendador Joaquim Almeida Freitas,9000,Natural
Naval,Cantabria,Portugal,,1500,Natural
Leixões,Matosinhos,Portugal,Estádio do Mar,9730,Natural
Trofense,Trofa,Portugal,Estádio do Clube Desportivo Trofense,5074,Natural
Olhanense,Olhão,Portugal,Estádio José Arcanjo,11662,Natural
Arouca,Arouca,Portugal,Estádio Municipal de Arouca,2500,Natural
Tondela,Tondela,Portugal,João Cardoso,7500,Natural
Real Madrid,Madrid,Spain,Santiago Bernabéu,85454,Natural
Osasuna,Pamplona,Spain,El Sadar,18761,Natural
Atlético,Madrid,Spain,Wanda Metropolitano,68000,Natural
Real Valladolid,Valladolid,Spain,Municipal José Zorrilla,26512,Natural
CD Logroñés,Logroño,Spain,,16000,Natural
Sevilla,Sevilla,Spain,Ramón Sánchez Pizjuán,42714,Natural
Athletic,Bilbao,Spain,San Mamés,53332,Natural
Real Zaragoza,Zaragoza,Spain,La Romareda,34596,Natural
CD Málaga,Málaga,Spain,,30044,Natural
Real Oviedo,Oviedo,Spain,Carlos Tartiere,30500,Natural
CD Castellón,Castellon de la Plana,Spain,Municipal de Castalia,15700,Natural
Celta,Vigo,Spain,Abanca Balaídos,28700,Natural
Valencia,Valencia,Spain,Mestalla,55000,Natural
Barcelona,Barcelona,Spain,Camp Nou,99787,Natural
Real Sporting,Gijón,Spain,El Molinón-Enrique Castro Quini,30000,Natural
R. Sociedad,San Sebastián,Spain,Anoeta,32076,Natural
Cádiz,Cádiz,Spain,Nuevo Ramón de Carranza,25033,Natural
Mallorca,Palma de Mallorca,Spain,Visit Mallora Estadi,23142,Natural
Tenerife,Santa Cruz de Tenerife,Spain,Heliodoro Rodríguez López,24000,Natural
Rayo Vallecano,Puente de vallecas,Spain,Vallecas,15500,Natural
Real Burgos CF,Burgos,Spain,San Amaro,1000,Natural
Real Betis,Sevilla,Spain,Benito Villamarín,60721,Natural
Espanyol,Cornellá de Llobregat,Spain,RCDE Stadium,40423,Natural
Albacete,Albacete,Spain,Carlos Belmonte,17200,Natural
Deportivo,La Coruña,Spain,Municipal Riazor,34600,Natural
SD Amorebieta,Amorebieta-Echano,Spain,Campo Municipal de Urritxe,1350,Natural
Racing,Santander,Spain,Campos de Sport de El Sardinero,22222,Natural
Lleida,Lleida,Spain,,13500,Natural
Compostela,Santiago de Compostela,Spain,Estadio Municipal Vero Boquete de San Lázaro,13000,Natural
Mérida CP,Mérida ,Spain,,14600,Natural
UD Salamanca,Salamanca,Spain,Helmántico,17341,Natural
Hércules,Alicante,Spain,José Rico Pérez,29500,Natural
CF Extremadura,Almendralejo,Spain,,11580,Natural
Alavés,Vitoria,Spain,Mendizorroza,19940,Natural
Villarreal,Villarreal,Spain,Estadio de la Cerámica,24500,Natural
Málaga,Málaga,Spain,La Rosaleda,30044,Natural
Numancia,Soria,Spain,Nuevo Los Pajaritos,8727,Natural
Las Palmas,Las Palmas de Gran Canaria,Spain,Gran Canaria,32400,Natural
Recreativo,Huelva,Spain,Nuevo Colombino,21670,Natural
Real Murcia,Murcia,Spain,Enrique Roca de Murcia,31179,Natural
Levante,Valencia,Spain,Ciutat de Valencia,25354,Natural
Getafe,Getafe,Spain,Coliseum Alfonso Pérez,17700,Natural
Gimnàstic,Tarragona,Spain,Nou Estadi,14591,Natural
Almería,Almería,Spain,Juegos del Mediterráneo,15200,Natural
Xerez,Jerez de la Frontera,Spain,Estadio de la Juventud,5700,Natural
Granada,Granada,Spain,Nuevo Los Cármenes,19336,Natural
Elche,Elche,Spain,Martínez Valero,33732,Natural
Eibar,Eibar,Spain,Municipal de Ipurua,8164,Natural
Córdoba,Córdoba,Spain,Municipal Nuevo Arcángel,21822,Natural
Leganés,Leganés,Spain,Municipal de Butarque,11454,Natural
Girona,Girona,Spain,Montilivi,11056,Natural
Huesca,Huesca,Spain,El Alcoraz,7638,Natural
Sabadell,Sabadell,Spain,Nova Creu Alta,11981,Natural
Bilbao Ath.,Bilbao,Spain,Instalaciones de Lezama,2500,Natural
UE Figueres,Figueras,Spain,Municipal de Vilatenim,9472,Artificial
Palamós,Palamós,Spain,Nou Estadi Municipal Palamós,5824,Natural
Atlético B,Madrid,Spain,Cerro del Espino,3900,Natural
Sestao Sport Club,Sestao,Spain,,8905,Natural
RM Castilla,Madrid,Spain,Alfredo Di Stéfano,6000,Natural
Orihuela CF,Orihuela,Spain,Municipal Los Arcos,7000,Natural
Real Avilés,Avilés,Spain,Román Suárez Puerta,5400,Natural
Barcelona B,Barcelona,Spain,Estadio Johan Cruyff,6000,Natural
Atlético Marbella,Marbella,Spain,,7300,Natural
CD Badajoz,Extremadura,Spain,,14175,Natural
Lugo,Lugo,Spain,Estadio Anxo Carro,7250,Natural
CD Toledo,Toledo,Spain,Municipal Salto del Caballo,5500,Natural
CD Ourense,Ourense,Spain,,5658,Natural
Écija Balompié,Écija,Spain,Municipal San Pablo,4000,Natural
Real Jaén,Jaén,Spain,Municipal La Victoria,12569,Natural
Mallorca B,Palma de Mallorca,Spain,Son Bibiloni (Antonio Asensio),1500,Natural
Universidad LPGC,Gran Canarias,Spain,,3000,Artificial
Racing Ferrol,Ferrol,Spain,A Malata,12043,Natural
Burgos,Burgos,Spain,Municipal de El Plantío,12200,Natural
Poli Ejido,Ejido,Spain,Municipal De Santo Domingo,7870,Natural
Terrassa FC,Tarrassa,Spain,Olímpic de Terrassa,11500,Artificial
Ciudad de Murcia,Murcia,Spain,,6500,Natural
At. Malagueño,Málaga,Spain,Ciudad Deportiva de la Federación Malagueña,2000,Natural
Algeciras,Algeciras,Spain,Nuevo Mirador,8209,Natural
Pontevedra,Pontevedra,Spain,Estadio Municipal de Pasarón,10500,Natural
Lorca Deportiva,Lorca,Spain,,8120,Natural
Ponferradina,Ponferrada,Spain,Municipal El Toralín,8800,Natural
Vecindario,Las Palmas,Spain,,4500,Natural
Sevilla At.,Sevilla,Spain,Estadio Jesús Navas,6000,Natural
Granada 74,Granada,Spain,,4400,Natural
Alicante,Alicante,Spain,,4000,Natural
F.C. Cartagena,Cartagena,Spain,Cartagonova,15105,Natural
Villarreal B,Villarreal,Spain,Ciudad Deportiva Del Villarreal,5000,Natural
Real Unión Irún,Irun,Spain,Stadium Gal,5600,Natural
Alcorcón,Alcorcón,Spain,Santo Domingo,5000,Natural
Alcoyano,Alcoy,Spain,El Collao,4850,Natural
CD Guadalajara,Guadalajara,Spain,Pedro Escartín,5000,Natural
Mirandés,Miranda del Ebro,Spain,Estadio Municipal de Anduva,5759,Natural
Llagostera,Llagostera,Spain,Camp d’Esports Municipal de Llagostera,1400,Natural
Reus Deportiu,Reus,Spain,,4300,Natural
UCAM Murcia,Murcia,Spain,BeSoccer La Condomina,6014,Natural
Lorca FC,Lorca,Spain,Francisco Artés Carrasco,8120,Natural
Cultural Leonesa,León,Spain,Municipal Reino de León,13451,Natural
Extremadura,Almendralejo,Spain,Francisco de la Hera,11580,Natural
Rayo Majadahonda,Majadahonda,Spain,Cerro del Espino,3900,Natural
Fuenlabrada,Fuenlabrada,Spain,Fernando Torres,6000,Natural
FC Cartagena,Cartagena,Spain,Cartagonova,15105,Natural
UD Logroñés,Logroño,Spain,Las Gaunas,16250,Natural
FC Maia,Cidade da Maia,Portugal,,9000,Natural
Academico Viseu,Viseu,Portugal,Estádio Municipal do Fontelo,14368,Natural
Uniao Lamas,Santa Maria da Feira,Portugal,,9000,Natural
Esposende,Esposende,Portugal,,5000,Natural
SC Freamunde,Freamunde,Portugal,,4000,Natural
SP. Covilhã,Covilhã,Portugal,Estádio Municipal José dos Santos Pinto,6125,Natural
Imortal,Albufeira,Portugal,,3500,Natural
Ovarense,Ovar,Portugal,,3200,Natural
FC Marco,Marco de Canaveses,Portugal,,10000,Natural
UD Oliveirense,Aveiro,Portugal,Estádio Carlos Osório,2670,Natural
Gondomar,Gondomar,Portugal,San Miguel,2450,Natural
Vizela,Vizela,Portugal,Estádio do Futebol Clube de Vizela,7000,Natural
FC Barreirense,Barreiro,Portugal,,2000,Natural
Ol. Moscavide,Moscavide,Portugal,,3325,Natural
Fatima,Fatima,Portugal,Papa Francisco,1545,Natural
Carregado,Carregado,Portugal,,1000,Natural
Atlético CP,Lisboa,Portugal,Estádio da Tapadinha,10000,Natural
Benfica II,Lisboa,Portugal,Caixa Futebol Campus,2720,Natural
Porto II,Oporto,Portugal,Estádio Dr. Jorge Sampaio,8500,Natural
Sporting Braga II,Braga,Portugal,Estádio 1º de Maio,28800,Natural
Marítimo II,Madeira,Portugal,Campo da Imaculada Conceição,2000,Natural
Sporting CP II,Lisboa,Portugal,Academia Sporting,50466,Natural
Oriental Lisboa,Lisbon,Portugal,Campo Engenheiro Carlos Salema,8500,Natural
Mafra,Mafra,Portugal,,1257,Natural
Cova Piedade,Piedade,Portugal,Estádio Municipal José Martins Vieira,3500,Natural
Fafe,Fafe,Portugal,,8000,Natural
Real Sport Clube,Queluz,Portugal,Complexo Desportivo do Real SC,3600,Natural
Casa Pia,Lisboa,Portugal,,5000,Natural
Vilafranquense,Vila Franca de Xira,Portugal,,2500,Natural
Milan,Milano,Italy,San Siro,82995,Natural
Sampdoria,Génova,Italy,Stadio Luigi Ferraris,36703,Natural
Inter,Milano,Italy,Stadio Giuseppe Meazza,82995,Natural
Napoli,Nápoles,Italy,San Paolo,76824,Natural
Genoa,Génova,Italy,Stadio Comunale Luigi Ferraris,36703,Natural
Atalanta,Bérgamo,Italy,Stadio Atleti Azzurri d'Italia,24726,Natural
Fiorentina,Firenze,Italy,Stadio Artemio Franchi,47290,Natural
Juventus,Turín,Italy,Juventus Stadium,41000,Natural
SSC Bari,Bari,Italy,Stadio Comunale San Nicola,58270,Natural
Udinese,Údine,Italy,Dacia Arena,25000,Natural
Roma,Roma,Italy,Stadio Olimpico di Roma,70634,Natural
Bologna,Bolonia,Italy,Stadio Renato Dall'Ara,36532,Natural
Cremonese,Cremona,Italy,Stadio Giovanni Zini,20034,Natural
Lecce,Lecce,Italy,Stadio Via del Mar,36285,Natural
Hellas Verona,Verona,Italy,Stadio Marc'Antonio Bentegodi,44799,Natural
Ascoli,Ascoli Piceno,Italy,Stadio Cino e Lillo Del Duca,20853,Natural
Lazio,Roma,Italy,Stadio Olimpico,82656,Natural
Cesena,Cesena,Italy,Stadio Dino Manuzzi,24026,Artificial
Pisa,Pisa,Italy,Arena Garibaldi - Stadio Romeo Anconetani,17500,Natural
Torino,Turín,Italy,Stadio Olimpico di Torino,27994,Natural
Parma,Parma,Italy,Ennio Tardini,28783,Natural
Cagliari,Cagliari,Italy,Sardegna Arena,16200,Natural
Calcio Foggia,Foggia,Italy,,25085,Natural
Pescara,Pescara,Italy,Stadio Adriatico-Giovanni Cornacchia,23800,Natural
Brescia,Brescia,Italy,Stadio Mario Rigamonti,27547,Natural
Ancona,Ancona,Italy,,23976,Natural
Reggiana,Reggio Emilia,Italy,Stadio Città del Tricolore,29546,Natural
Piacenza,Piacenza,Italy,Leonardo Garilli,21668,Natural
Padova,Padua,Italy,Stadio Comunale Euganeo,32420,Natural
Vicenza ,Vicenza,Italy,Stadio Romeo Menti,20920,Natural
Perugia,Perugia,Italy,Stadio Renato Curi,28000,Natural
Empoli,Empoli,Italy,Carlo Castellani,21113,Natural
Chievo,Verona,Italy,Stadio Marc'Antonio Bentegodi,44799,Natural
Venezia,Venecia,Italy,Stadio Pierluigi Penzo,7450,Natural
Reggina,Reggina,Italy,Stadio Oreste Granillo,27763,Natural
Siena,Siena,Italy,Stadio Comunale Artemio Franchi,15373,Natural
Modena,Modena,Italy,Stadio Alberto Braglia,20507,Natural
Livorno,Livorno,Italy,Stadio Armando Picchi,19238,Natural
Palermo FC,Palermo,Italy,Stadio Renzo Barbera,37242,Natural
Messina,Messina,Italy,Stadio Comunale San Filippo,37895,Natural
Treviso,Treviso,Italy,,7500,Natural
Catania,Catania,Italy,Stadio Angelo Massimino,23420,Natural
Novara,Novara,Italy,Stadio Comunale Silvio Piola,17875,Artificial
Sassuolo,Reggio Emilia,Italy,Stadio Città del Tricolore,29546,Natural
Frosinone,Frosinone,Italy,stadio Benito Stirpe,16227,Natural
Carpi,Carpi,Italy,Stadio Sandro Cabassi,4164,Natural
Crotone,Crotone,Italy,Ezio Scida,16640,Natural
SPAL,Ferrara,Italy,Stadio Paolo Mazza,17900,Natural
Benevento,Benevento,Italy,Stadio Ciro Vigorito,18900,Natural
Spezia,La Spezia,Italy,Stadio Alberto Picco,10336,Artificial
Salernitana,Salerno,Italy,Stadio Arechi,37245,Natural
Fidelis Andria,Andria,Italy,,9140,Natural
Acireale,Acireale,Italy,,6800,Natural
Como,Como,Italy,Stadio Giuseppe Sinigaglia,13602,Natural
Cosenza Calcio,Cosenza,Italy,,20987,Natural
Lucchese Libertas,Lucca,Italy,Porta Elisa,12800,Natural
Avellino,Avellino,Italy,Stadio Partenio,10215,Natural
Pistoiese,Pistoia,Italy,,13195,Natural
Ravenna FC,Ravenna,Italy,Stadio Bruno Benelli,12020,Natural
Castel Sangro,Castel di Sangro,Italy,,7220,Natural
Castel di Sangro,Castel di Sangro,Italy,,7220,Natural
AC Monza,Monza,Italy,Stadio Comunale Brianteo,18568,Natural
Ternana Calcio,Terni,Italy,Stadio Libero Liberati,20100,Natural
AlzanoCene,Alzano Lombardo,Italy,,1900,Natural
FC Savoia 1908,Savoia,Italy,,12750,Natural
Fermana,Fermana,Italy,,8850,Natural
Cittadella,Cittadella,Italy,Stadio Pier Cesare Tombolato,7623,Natural
Triestina ,Trieste,Italy,Nereo Rocco,28565,Natural
AlbinoLeffe,Bérgamo,Italy,Stadio Atleti Azzurri d'Italia,24726,Natural
AC Arezzo,Toscana,Italy,,13128,Natural
Catanzaro,Catanzaro,Italy,Stadio Nicola Ceravolo,14650,Natural
Rimini,Rimini,Italy,Stadio Romeo Neri,9798,Natural
Mantova,Mantova,Italy,Stadio Danilo Martelli,14854,Natural
Grosseto,Grosseto,Italy,Stadio Olimpico Carlo Zecchini,9779,Natural
Gallipoli ,Gallipoli,Italy,,5000,Artificial
Calcio,Foggia,Italy,,16000,Natural
Varese,Varese,Italy,Stadio Franco Ossola,9926,Natural
Juve Stabia,Castellammare di Stabia,Italy,Stadio Comunale Romeo Menti,7642,Artificial
Nocerina,Nocera Inferiore,Italy,Stadio San Francesco,9998,Natural
AS Gubbio 1910,Gubbio,Italy,Stadio Pietro Barbetti,4160,Natural
Pro Vercelli,Vercelli,Italy,Stadio Silvio Piola,6165,Artificial
Virtus Lanciano,Lanciano,Italy,,5639,Natural
Trapani,Trapani,Italy,Stadio Polisportivo Provinciale,6766,Natural
Latina,Latina,Italy,Stadio Comunale Domenico Francioni,8000,Natural
Virtus Entella,Chiavari,Italy,Stadio Comunale Chiavari,4154,Artificial
Nuova Cosenza,Cosenza,Italy,Stadio San Vito,24209,Natural
Pordenone,Pordenone,Italy,Stadio Guido Teghil,3089,Natural
Bourges 18,Bourges,France,Stade Jacques Rimbault,13000,Natural
Spezia,La Spezia,Italy,Stadio Alberto Picco,11466,Natural
Atalanta,Bergamo,Italy,Gewiss Stadium,21000,Natural
Bologna,Bologna,Italy,Stadio Renato Dall'Ara,38279,Natural
B. Mönchengladbach,Mönchengladbach,Germany,Borussia-Park,5972,Natural
Brighton & Hove Albion,Brighton,England,Falmer Stadium,31800,Natural
Cagliari,Cagliari,Italy,Sardegna Arena,16416,Natural
CF Estrela,Amadora,Portugal,Estádio José Gomes,9288,Natural
Belenenses SAD,Lisbon,Portugal,Estádio Nacional,37593,Natural
Eintracht Frankfurt,Frankfurt,Germany,Deutsche Bank Park,51500,Natural
Empoli,Empoli,Italy,Stadio Carlo Castellani,16800,Natural
Fiorentina,Florence,Italy,Artemio Franchi Stadium,43147,Natural
Fortuna Düsseldorf,Dusseldorf,Germany,Merkur Spiel-Arena,54600,Natural
Genoa,Genoa,Italy,Stadio Luigi Ferraris,36599,Natural
Hellas Verona,Verona,Italy,Marcantonio Bentegodi Stadium,39211,Natural
UD Ibiza,Ibiza,Spain,Estadi Municipal de Can Misses,4500,Natural
Inter Milan,Milano,Italy,Stadio Giuseppe Meazza,80018,Natural
Juventus,Turin,Italy,Allianz Stadium,41507,Natural
Lazio,Rome,Italy,Stadio Olimpico,72698,Natural
AC Milan,Milan,Italy,San Siro Stadium,80018,Natural
Napoli,Naples,Italy,Diego Armando Maradona Stadium,54726,Natural
Olympique Marseille,Marseille,France,Orange Vélodrome,67394,Artificial
Paços de Ferreira,Paços de Ferreira,Portugal,Estádio da Mata Real,9077,Natural
Peterborough United,Peterborough,England,Weston Homes Stadium,15314,Natural
Pisa SC,Pisa,Italy,Arena Garibaldi,25000,Natural
Queens Park Rangers,London,England,Kiyan Prince Foundation Stadium,18439,Natural
Quevilly-Rouen,Le Petit-Quevilly,France,Stade Robert Diochon,12018,Natural
R. Sociedad B,Basque Country,Spain,Reale Arena,39500,Natural
Salernitana,Salerno,Italy,Arechi Stadium,37800,Natural
SC Covilha ,Covilha,Portugal,Estádio Municipal José dos Santos Pinto,2055,Natural
Torino,Torin,Italy,Stadio Olimpico Grande Torino,28177,Natural
US Alessandria,Alessandria,Italy,Stadio Giuseppe Moccagatta,5926,Natural
Vitória Guimarães,,Portugal,Estadio Dom Afonso Henriques,30029,Natural